{"cameraMode":{"drawMode":0,"name":"Shaded","section":"Shading Mode"},"sceneLighting":true,"audioPlay":false,"sceneViewState":{"m_AlwaysRefresh":false,"showFog":true,"showSkybox":true,"showFlares":true,"showImageEffects":true,"showParticleSystems":true,"showVisualEffectGraphs":true,"m_FxEnabled":true},"in2DMode":false,"pivot":{"x":0.13763463497161866,"y":-0.1338069587945938,"z":-17.480854034423829},"rotation":{"x":0.18556074798107148,"y":0.051568105816841128,"z":-0.00973370298743248,"w":0.981253445148468},"size":21.81462287902832,"orthographic":false}