{"cameraMode":{"drawMode":0,"name":"Shaded","section":"Shading Mode"},"sceneLighting":false,"audioPlay":false,"sceneViewState":{"m_AlwaysRefresh":false,"showFog":false,"showSkybox":false,"showFlares":false,"showImageEffects":false,"showParticleSystems":false,"showVisualEffectGraphs":true,"m_FxEnabled":true},"in2DMode":false,"pivot":{"x":-0.01970452070236206,"y":0.8617334365844727,"z":-0.12922555208206178},"rotation":{"x":-0.07010036706924439,"y":-0.828118085861206,"z":0.10646554827690125,"w":-0.5459872484207153},"size":1.3669497966766358,"orthographic":false}